id_stock,id_produit,depot,quantite_disponible,quantite_reservee,seuil_reappro,date_maj
STK00001,PRD0001,Casablanca-Hub,196,11,36,2026-05-13
STK00002,PRD0001,Tanger-Port,98,46,31,2026-05-17
STK00003,PRD0001,Fès-Logistique,24,0,16,2026-04-29
STK00004,PRD0002,Rabat-Dépôt,100,29,34,2026-04-25
STK00005,PRD0002,Fès-Logistique,176,30,39,2026-05-13
STK00006,PRD0003,Tanger-Port,35,21,12,2026-04-25
STK00007,PRD0004,Tanger-Port,253,34,17,2026-04-28
STK00008,PRD0004,Casablanca-Hub,109,49,23,2026-04-23
STK00009,PRD0004,Fès-Logistique,269,11,23,2026-04-26
STK00010,PRD0005,Marrakech-Entrepôt,155,25,18,2026-04-20
STK00011,PRD0006,Marrakech-Entrepôt,179,14,12,2026-05-14
STK00012,PRD0006,Fès-Logistique,31,2,39,2026-04-27
STK00013,PRD0007,Fès-Logistique,219,35,29,2026-05-03
STK00014,PRD0008,Fès-Logistique,242,20,24,2026-05-04
STK00015,PRD0008,Marrakech-Entrepôt,36,17,26,2026-05-18
STK00016,PRD0008,Rabat-Dépôt,32,11,21,2026-04-19
STK00017,PRD0009,Rabat-Dépôt,50,43,22,2026-05-10
STK00018,PRD0009,Tanger-Port,176,12,35,2026-04-28
STK00019,PRD0010,Fès-Logistique,141,28,18,2026-04-19
STK00020,PRD0010,Tanger-Port,4,4,31,2026-04-25
STK00021,PRD0010,Marrakech-Entrepôt,170,35,30,2026-05-16
STK00022,PRD0011,Fès-Logistique,144,36,36,2026-05-06
STK00023,PRD0011,Tanger-Port,87,28,35,2026-04-27
STK00024,PRD0012,Marrakech-Entrepôt,131,21,37,2026-05-06
STK00025,PRD0013,Tanger-Port,96,46,37,2026-05-17
STK00026,PRD0014,Marrakech-Entrepôt,14,8,16,2026-05-05
STK00027,PRD0015,Tanger-Port,298,46,12,2026-05-17
STK00028,PRD0016,Rabat-Dépôt,297,18,16,2026-05-05
STK00029,PRD0017,Fès-Logistique,18,6,11,2026-05-17
STK00030,PRD0017,Casablanca-Hub,76,42,17,2026-05-18
STK00031,PRD0017,Marrakech-Entrepôt,292,19,13,2026-05-12
STK00032,PRD0018,Agadir-Sud,28,3,38,2026-04-29
STK00033,PRD0018,Rabat-Dépôt,291,19,11,2026-05-04
STK00034,PRD0019,Fès-Logistique,247,46,18,2026-05-03
STK00035,PRD0020,Agadir-Sud,260,12,14,2026-04-27
STK00036,PRD0020,Casablanca-Hub,151,36,21,2026-05-11
STK00037,PRD0020,Rabat-Dépôt,49,7,10,2026-05-14
STK00038,PRD0021,Agadir-Sud,15,43,35,2026-05-11
STK00039,PRD0021,Fès-Logistique,90,18,29,2026-05-10
STK00040,PRD0021,Tanger-Port,32,4,34,2026-04-19
STK00041,PRD0022,Tanger-Port,114,50,19,2026-05-09
STK00042,PRD0022,Agadir-Sud,234,41,27,2026-05-14
STK00043,PRD0023,Fès-Logistique,73,38,40,2026-05-05
STK00044,PRD0023,Agadir-Sud,241,17,33,2026-04-21
STK00045,PRD0024,Fès-Logistique,106,0,32,2026-05-03
STK00046,PRD0024,Tanger-Port,236,9,13,2026-05-07
STK00047,PRD0025,Fès-Logistique,37,41,28,2026-05-09
STK00048,PRD0025,Tanger-Port,69,30,29,2026-05-05
STK00049,PRD0025,Rabat-Dépôt,14,45,35,2026-04-20
STK00050,PRD0026,Fès-Logistique,262,41,18,2026-05-08
STK00051,PRD0027,Marrakech-Entrepôt,272,31,40,2026-04-23
STK00052,PRD0027,Rabat-Dépôt,126,19,21,2026-04-25
STK00053,PRD0028,Fès-Logistique,187,32,37,2026-05-04
STK00054,PRD0028,Agadir-Sud,235,12,13,2026-05-12
STK00055,PRD0028,Rabat-Dépôt,44,5,37,2026-04-19
STK00056,PRD0029,Marrakech-Entrepôt,147,46,29,2026-05-13
STK00057,PRD0030,Marrakech-Entrepôt,287,24,25,2026-04-22
STK00058,PRD0031,Marrakech-Entrepôt,148,19,17,2026-05-07
STK00059,PRD0031,Fès-Logistique,61,13,15,2026-05-08
STK00060,PRD0032,Casablanca-Hub,39,12,23,2026-05-12
STK00061,PRD0032,Marrakech-Entrepôt,256,11,17,2026-04-30
STK00062,PRD0032,Fès-Logistique,120,42,33,2026-05-03
STK00063,PRD0033,Tanger-Port,17,45,19,2026-05-15
STK00064,PRD0034,Casablanca-Hub,149,24,31,2026-04-26
STK00065,PRD0034,Tanger-Port,226,19,11,2026-05-11
STK00066,PRD0035,Rabat-Dépôt,270,2,34,2026-05-10
STK00067,PRD0035,Marrakech-Entrepôt,55,32,25,2026-05-12
STK00068,PRD0036,Tanger-Port,52,50,39,2026-05-13
STK00069,PRD0036,Agadir-Sud,249,38,39,2026-05-05
STK00070,PRD0036,Fès-Logistique,11,34,35,2026-04-20
STK00071,PRD0037,Tanger-Port,163,44,15,2026-05-15
STK00072,PRD0037,Casablanca-Hub,250,28,32,2026-05-11
STK00073,PRD0038,Casablanca-Hub,183,47,39,2026-05-10
STK00074,PRD0039,Fès-Logistique,164,44,10,2026-05-04
STK00075,PRD0040,Agadir-Sud,217,5,37,2026-05-14
STK00076,PRD0040,Rabat-Dépôt,122,11,11,2026-04-22
STK00077,PRD0041,Casablanca-Hub,127,49,15,2026-05-04
STK00078,PRD0041,Fès-Logistique,87,12,22,2026-05-18
STK00079,PRD0042,Agadir-Sud,259,6,30,2026-05-09
STK00080,PRD0043,Agadir-Sud,288,39,39,2026-05-14
STK00081,PRD0043,Tanger-Port,40,6,35,2026-04-20
STK00082,PRD0043,Fès-Logistique,42,13,10,2026-05-09
STK00083,PRD0044,Rabat-Dépôt,198,5,35,2026-04-29
STK00084,PRD0044,Fès-Logistique,207,29,38,2026-05-11
STK00085,PRD0045,Tanger-Port,225,37,40,2026-05-08
STK00086,PRD0046,Tanger-Port,268,4,22,2026-05-14
STK00087,PRD0046,Fès-Logistique,88,25,22,2026-04-22
STK00088,PRD0047,Casablanca-Hub,32,27,35,2026-04-30
STK00089,PRD0047,Marrakech-Entrepôt,279,11,23,2026-05-09
STK00090,PRD0048,Agadir-Sud,21,3,24,2026-05-04
STK00091,PRD0048,Marrakech-Entrepôt,110,10,39,2026-05-04
STK00092,PRD0048,Fès-Logistique,56,8,24,2026-05-18
STK00093,PRD0049,Agadir-Sud,71,5,35,2026-05-16
STK00094,PRD0050,Casablanca-Hub,227,41,40,2026-05-05
STK00095,PRD0050,Tanger-Port,9,38,36,2026-04-19
STK00096,PRD0051,Rabat-Dépôt,112,6,35,2026-04-29
STK00097,PRD0051,Fès-Logistique,219,30,16,2026-04-30
STK00098,PRD0052,Tanger-Port,76,35,36,2026-04-30
STK00099,PRD0052,Agadir-Sud,132,9,23,2026-04-30
STK00100,PRD0053,Tanger-Port,47,28,26,2026-05-12
STK00101,PRD0053,Fès-Logistique,143,0,20,2026-04-25
STK00102,PRD0054,Tanger-Port,57,8,10,2026-05-07
STK00103,PRD0054,Marrakech-Entrepôt,208,6,14,2026-05-10
STK00104,PRD0055,Fès-Logistique,127,30,10,2026-05-09
STK00105,PRD0055,Tanger-Port,54,17,18,2026-05-10
STK00106,PRD0055,Agadir-Sud,257,29,25,2026-05-12
STK00107,PRD0056,Agadir-Sud,187,33,30,2026-04-24
STK00108,PRD0057,Agadir-Sud,284,6,33,2026-05-11
STK00109,PRD0057,Rabat-Dépôt,74,43,21,2026-04-28
STK00110,PRD0057,Fès-Logistique,259,14,16,2026-05-15
STK00111,PRD0058,Tanger-Port,251,46,31,2026-04-30
STK00112,PRD0058,Agadir-Sud,296,13,23,2026-05-08
STK00113,PRD0058,Casablanca-Hub,256,26,38,2026-04-27
STK00114,PRD0059,Rabat-Dépôt,161,4,12,2026-04-24
STK00115,PRD0059,Casablanca-Hub,68,45,35,2026-04-27
STK00116,PRD0060,Casablanca-Hub,300,46,12,2026-05-18
STK00117,PRD0060,Agadir-Sud,69,33,32,2026-04-21
STK00118,PRD0061,Fès-Logistique,249,20,22,2026-04-28
STK00119,PRD0062,Marrakech-Entrepôt,251,27,32,2026-05-18
STK00120,PRD0062,Rabat-Dépôt,239,14,40,2026-05-10
STK00121,PRD0062,Tanger-Port,80,26,34,2026-05-07
STK00122,PRD0063,Rabat-Dépôt,212,49,24,2026-04-30
STK00123,PRD0063,Fès-Logistique,226,13,10,2026-05-03
STK00124,PRD0064,Marrakech-Entrepôt,68,12,20,2026-05-01
STK00125,PRD0065,Rabat-Dépôt,122,18,11,2026-05-01
STK00126,PRD0065,Fès-Logistique,234,4,32,2026-04-22
STK00127,PRD0065,Marrakech-Entrepôt,207,9,34,2026-05-01
STK00128,PRD0066,Fès-Logistique,132,30,26,2026-05-03
STK00129,PRD0066,Agadir-Sud,157,33,23,2026-04-23
STK00130,PRD0066,Tanger-Port,14,41,20,2026-05-10
STK00131,PRD0067,Marrakech-Entrepôt,117,5,32,2026-05-17
STK00132,PRD0067,Casablanca-Hub,11,25,22,2026-05-17
STK00133,PRD0068,Casablanca-Hub,253,9,29,2026-05-06
STK00134,PRD0068,Rabat-Dépôt,155,21,13,2026-05-08
STK00135,PRD0069,Agadir-Sud,181,26,10,2026-04-25
STK00136,PRD0070,Tanger-Port,133,50,26,2026-05-12
STK00137,PRD0070,Casablanca-Hub,7,25,27,2026-04-22
STK00138,PRD0070,Agadir-Sud,36,3,38,2026-05-11
STK00139,PRD0071,Agadir-Sud,186,43,10,2026-04-27
STK00140,PRD0071,Marrakech-Entrepôt,104,41,22,2026-05-08
STK00141,PRD0072,Agadir-Sud,75,27,15,2026-05-13
STK00142,PRD0073,Fès-Logistique,165,1,20,2026-05-18
STK00143,PRD0074,Agadir-Sud,78,11,33,2026-05-17
STK00144,PRD0074,Marrakech-Entrepôt,214,0,15,2026-04-28
STK00145,PRD0074,Rabat-Dépôt,246,35,18,2026-05-09
STK00146,PRD0075,Agadir-Sud,145,3,22,2026-05-15
STK00147,PRD0075,Rabat-Dépôt,264,13,40,2026-05-07
STK00148,PRD0076,Marrakech-Entrepôt,132,45,21,2026-05-13
STK00149,PRD0076,Tanger-Port,268,30,37,2026-05-03
STK00150,PRD0077,Casablanca-Hub,9,30,30,2026-05-02
STK00151,PRD0077,Rabat-Dépôt,33,2,33,2026-05-16
STK00152,PRD0077,Tanger-Port,168,24,19,2026-04-21
STK00153,PRD0078,Agadir-Sud,11,26,24,2026-04-24
STK00154,PRD0079,Casablanca-Hub,268,24,25,2026-05-13
STK00155,PRD0079,Marrakech-Entrepôt,162,43,14,2026-05-06
STK00156,PRD0080,Agadir-Sud,274,31,32,2026-04-29
STK00157,PRD0080,Casablanca-Hub,139,6,20,2026-04-24
STK00158,PRD0081,Agadir-Sud,232,21,25,2026-05-15
STK00159,PRD0081,Marrakech-Entrepôt,212,16,19,2026-05-06
STK00160,PRD0081,Casablanca-Hub,295,24,30,2026-05-04
STK00161,PRD0082,Tanger-Port,93,6,19,2026-05-17
STK00162,PRD0083,Casablanca-Hub,159,10,37,2026-04-26
STK00163,PRD0083,Tanger-Port,141,45,38,2026-05-06
STK00164,PRD0083,Fès-Logistique,31,18,34,2026-05-04
STK00165,PRD0084,Fès-Logistique,187,18,33,2026-04-29
STK00166,PRD0085,Casablanca-Hub,38,45,40,2026-04-29
STK00167,PRD0085,Tanger-Port,218,3,11,2026-04-29
STK00168,PRD0086,Rabat-Dépôt,218,43,20,2026-05-07
STK00169,PRD0086,Agadir-Sud,216,31,38,2026-04-23
STK00170,PRD0086,Tanger-Port,80,26,22,2026-04-25
STK00171,PRD0087,Marrakech-Entrepôt,117,17,38,2026-05-13
STK00172,PRD0088,Agadir-Sud,278,42,12,2026-04-30
STK00173,PRD0088,Casablanca-Hub,154,33,31,2026-05-01
STK00174,PRD0088,Fès-Logistique,21,34,29,2026-04-20
STK00175,PRD0089,Fès-Logistique,52,19,23,2026-04-21
STK00176,PRD0089,Marrakech-Entrepôt,77,42,40,2026-05-12
STK00177,PRD0089,Agadir-Sud,59,44,12,2026-04-27
STK00178,PRD0090,Rabat-Dépôt,185,30,18,2026-05-13
STK00179,PRD0090,Fès-Logistique,46,10,39,2026-04-28
STK00180,PRD0090,Tanger-Port,88,45,26,2026-05-18
STK00181,PRD0091,Fès-Logistique,6,43,18,2026-05-08
STK00182,PRD0091,Agadir-Sud,136,19,39,2026-04-23
STK00183,PRD0092,Casablanca-Hub,198,36,19,2026-05-12
STK00184,PRD0092,Tanger-Port,32,14,38,2026-04-20
STK00185,PRD0093,Casablanca-Hub,276,3,26,2026-05-12
STK00186,PRD0093,Marrakech-Entrepôt,208,8,32,2026-04-28
STK00187,PRD0093,Agadir-Sud,266,48,35,2026-05-11
STK00188,PRD0094,Rabat-Dépôt,246,6,19,2026-05-03
STK00189,PRD0094,Marrakech-Entrepôt,94,29,11,2026-05-05
STK00190,PRD0094,Tanger-Port,300,13,39,2026-05-08
STK00191,PRD0095,Tanger-Port,42,46,15,2026-04-25
STK00192,PRD0096,Casablanca-Hub,298,21,17,2026-05-01
STK00193,PRD0096,Rabat-Dépôt,171,13,30,2026-05-08
STK00194,PRD0096,Marrakech-Entrepôt,68,46,19,2026-05-06
STK00195,PRD0097,Rabat-Dépôt,217,26,22,2026-04-24
STK00196,PRD0098,Rabat-Dépôt,287,20,22,2026-05-04
STK00197,PRD0098,Casablanca-Hub,211,50,34,2026-04-24
STK00198,PRD0098,Fès-Logistique,22,48,29,2026-05-05
STK00199,PRD0099,Agadir-Sud,77,32,27,2026-05-05
STK00200,PRD0100,Marrakech-Entrepôt,35,4,32,2026-04-25
STK00201,PRD0100,Casablanca-Hub,60,40,14,2026-05-07
STK00202,PRD0101,Casablanca-Hub,183,2,14,2026-04-27
STK00203,PRD0102,Casablanca-Hub,189,50,18,2026-05-04
STK00204,PRD0102,Marrakech-Entrepôt,77,29,39,2026-04-27
STK00205,PRD0103,Fès-Logistique,33,3,19,2026-05-15
STK00206,PRD0103,Casablanca-Hub,183,8,37,2026-04-28
STK00207,PRD0103,Marrakech-Entrepôt,266,34,25,2026-05-06
STK00208,PRD0104,Marrakech-Entrepôt,259,32,10,2026-05-01
STK00209,PRD0104,Fès-Logistique,12,45,31,2026-05-08
STK00210,PRD0105,Tanger-Port,79,24,10,2026-04-27
STK00211,PRD0105,Marrakech-Entrepôt,171,45,38,2026-05-02
STK00212,PRD0106,Agadir-Sud,256,23,36,2026-05-18
STK00213,PRD0107,Agadir-Sud,141,6,37,2026-04-22
STK00214,PRD0107,Fès-Logistique,103,31,14,2026-05-05
STK00215,PRD0108,Casablanca-Hub,85,13,12,2026-05-11
STK00216,PRD0108,Agadir-Sud,155,16,27,2026-05-14
STK00217,PRD0108,Rabat-Dépôt,273,25,40,2026-04-30
STK00218,PRD0109,Fès-Logistique,216,32,11,2026-05-05
STK00219,PRD0110,Tanger-Port,162,23,18,2026-05-14
STK00220,PRD0111,Marrakech-Entrepôt,168,11,37,2026-04-28
STK00221,PRD0111,Tanger-Port,210,22,37,2026-04-25
STK00222,PRD0111,Fès-Logistique,250,2,36,2026-05-18
STK00223,PRD0112,Marrakech-Entrepôt,210,8,26,2026-04-26
STK00224,PRD0113,Marrakech-Entrepôt,74,39,30,2026-05-09
STK00225,PRD0113,Agadir-Sud,16,45,39,2026-05-10
STK00226,PRD0113,Rabat-Dépôt,277,5,32,2026-05-16
STK00227,PRD0114,Fès-Logistique,22,45,36,2026-04-26
STK00228,PRD0115,Fès-Logistique,289,46,20,2026-05-07
STK00229,PRD0115,Rabat-Dépôt,222,5,16,2026-05-02
STK00230,PRD0115,Tanger-Port,195,5,20,2026-04-22
STK00231,PRD0116,Casablanca-Hub,3,13,25,2026-05-15
STK00232,PRD0117,Agadir-Sud,75,7,35,2026-04-25
STK00233,PRD0117,Tanger-Port,76,0,29,2026-04-28
STK00234,PRD0118,Tanger-Port,197,2,11,2026-05-02
STK00235,PRD0118,Agadir-Sud,254,29,37,2026-05-05
STK00236,PRD0119,Marrakech-Entrepôt,185,23,35,2026-04-27
STK00237,PRD0119,Fès-Logistique,169,24,14,2026-04-25
STK00238,PRD0119,Casablanca-Hub,96,36,31,2026-05-09
STK00239,PRD0120,Fès-Logistique,158,26,37,2026-05-13
STK00240,PRD0120,Agadir-Sud,32,47,19,2026-04-21
STK00241,PRD0121,Fès-Logistique,191,39,36,2026-04-21
STK00242,PRD0121,Tanger-Port,3,37,20,2026-05-10
STK00243,PRD0122,Tanger-Port,281,1,28,2026-05-18
STK00244,PRD0123,Tanger-Port,31,22,22,2026-05-10
STK00245,PRD0123,Agadir-Sud,9,13,36,2026-05-05
STK00246,PRD0124,Fès-Logistique,207,48,36,2026-04-19
STK00247,PRD0125,Agadir-Sud,174,46,13,2026-04-24
STK00248,PRD0126,Rabat-Dépôt,49,23,37,2026-05-15
STK00249,PRD0127,Casablanca-Hub,260,29,35,2026-05-04
STK00250,PRD0128,Rabat-Dépôt,116,0,37,2026-04-23
STK00251,PRD0129,Marrakech-Entrepôt,210,30,39,2026-04-24
STK00252,PRD0130,Fès-Logistique,215,35,30,2026-05-05
STK00253,PRD0130,Tanger-Port,284,28,33,2026-05-05
STK00254,PRD0131,Fès-Logistique,150,5,11,2026-05-11
STK00255,PRD0132,Casablanca-Hub,3,30,30,2026-05-03
STK00256,PRD0132,Tanger-Port,79,36,29,2026-04-20
STK00257,PRD0132,Agadir-Sud,222,31,15,2026-04-27
STK00258,PRD0133,Marrakech-Entrepôt,269,21,21,2026-05-01
STK00259,PRD0134,Marrakech-Entrepôt,229,2,40,2026-04-19
STK00260,PRD0135,Marrakech-Entrepôt,103,18,35,2026-04-23
STK00261,PRD0136,Casablanca-Hub,25,3,17,2026-05-07
STK00262,PRD0136,Fès-Logistique,175,31,40,2026-05-16
STK00263,PRD0136,Agadir-Sud,20,21,38,2026-05-05
STK00264,PRD0137,Rabat-Dépôt,143,15,30,2026-05-14
STK00265,PRD0137,Agadir-Sud,249,18,25,2026-05-03
STK00266,PRD0137,Marrakech-Entrepôt,191,3,23,2026-05-03
STK00267,PRD0138,Fès-Logistique,285,21,16,2026-05-09
STK00268,PRD0139,Tanger-Port,104,24,39,2026-05-07
STK00269,PRD0139,Rabat-Dépôt,298,41,31,2026-05-18
STK00270,PRD0139,Fès-Logistique,119,16,31,2026-05-16
STK00271,PRD0140,Casablanca-Hub,186,8,21,2026-05-10
STK00272,PRD0141,Marrakech-Entrepôt,204,22,40,2026-04-26
STK00273,PRD0141,Casablanca-Hub,25,27,40,2026-05-03
STK00274,PRD0142,Rabat-Dépôt,13,22,19,2026-05-07
STK00275,PRD0142,Agadir-Sud,31,48,33,2026-05-13
STK00276,PRD0143,Tanger-Port,189,6,18,2026-05-02
STK00277,PRD0143,Fès-Logistique,261,9,22,2026-05-11
STK00278,PRD0144,Rabat-Dépôt,173,26,34,2026-04-25
STK00279,PRD0144,Fès-Logistique,126,39,17,2026-04-30
STK00280,PRD0144,Agadir-Sud,18,3,28,2026-05-10
STK00281,PRD0145,Rabat-Dépôt,37,5,25,2026-04-20
STK00282,PRD0145,Agadir-Sud,242,7,21,2026-05-08
STK00283,PRD0145,Marrakech-Entrepôt,180,45,16,2026-05-17
STK00284,PRD0146,Fès-Logistique,57,45,25,2026-05-18
STK00285,PRD0146,Rabat-Dépôt,148,10,35,2026-04-22
STK00286,PRD0147,Casablanca-Hub,175,8,13,2026-04-29
STK00287,PRD0148,Tanger-Port,121,26,10,2026-05-01
STK00288,PRD0148,Rabat-Dépôt,295,37,25,2026-05-16
STK00289,PRD0148,Fès-Logistique,20,30,16,2026-05-18
STK00290,PRD0149,Tanger-Port,51,14,12,2026-04-19
STK00291,PRD0149,Marrakech-Entrepôt,12,15,30,2026-05-07
STK00292,PRD0149,Agadir-Sud,291,34,23,2026-04-19
STK00293,PRD0150,Tanger-Port,170,38,19,2026-05-07
STK00294,PRD0150,Fès-Logistique,51,9,17,2026-04-22
STK00295,PRD0150,Rabat-Dépôt,4,42,35,2026-04-28
STK00296,PRD0151,Marrakech-Entrepôt,230,19,20,2026-04-28
STK00297,PRD0151,Fès-Logistique,127,29,40,2026-05-16
STK00298,PRD0152,Fès-Logistique,129,9,14,2026-05-12
STK00299,PRD0152,Casablanca-Hub,187,26,16,2026-05-11
STK00300,PRD0152,Agadir-Sud,260,49,21,2026-05-06
STK00301,PRD0153,Fès-Logistique,14,12,13,2026-04-22
STK00302,PRD0154,Casablanca-Hub,41,19,18,2026-04-27
STK00303,PRD0155,Agadir-Sud,98,34,39,2026-05-02
STK00304,PRD0156,Marrakech-Entrepôt,169,17,11,2026-05-09
STK00305,PRD0157,Rabat-Dépôt,244,45,18,2026-05-03
STK00306,PRD0158,Marrakech-Entrepôt,130,27,18,2026-05-18
STK00307,PRD0159,Rabat-Dépôt,186,23,28,2026-05-06
STK00308,PRD0160,Rabat-Dépôt,255,4,38,2026-04-30
STK00309,PRD0161,Rabat-Dépôt,154,17,12,2026-04-26
STK00310,PRD0161,Casablanca-Hub,54,18,31,2026-04-21
STK00311,PRD0161,Fès-Logistique,265,24,15,2026-05-03
STK00312,PRD0162,Agadir-Sud,67,40,26,2026-04-20
STK00313,PRD0162,Fès-Logistique,146,20,16,2026-05-06
STK00314,PRD0162,Rabat-Dépôt,266,7,34,2026-04-22
STK00315,PRD0163,Tanger-Port,63,40,23,2026-04-20
STK00316,PRD0164,Casablanca-Hub,6,44,37,2026-05-03
STK00317,PRD0164,Marrakech-Entrepôt,14,47,28,2026-04-30
STK00318,PRD0165,Tanger-Port,277,46,24,2026-05-08
STK00319,PRD0165,Rabat-Dépôt,21,4,25,2026-04-27
STK00320,PRD0165,Fès-Logistique,74,4,40,2026-05-03
STK00321,PRD0166,Agadir-Sud,272,16,30,2026-04-20
STK00322,PRD0166,Casablanca-Hub,238,48,19,2026-04-27
STK00323,PRD0167,Casablanca-Hub,30,20,18,2026-05-06
STK00324,PRD0167,Agadir-Sud,127,41,12,2026-05-16
STK00325,PRD0168,Rabat-Dépôt,213,19,28,2026-05-05
STK00326,PRD0168,Agadir-Sud,95,14,14,2026-04-20
STK00327,PRD0168,Tanger-Port,226,10,19,2026-04-19
STK00328,PRD0169,Marrakech-Entrepôt,113,32,28,2026-04-28
STK00329,PRD0169,Agadir-Sud,106,19,25,2026-05-07
STK00330,PRD0169,Casablanca-Hub,217,41,18,2026-05-14
STK00331,PRD0170,Tanger-Port,96,9,37,2026-04-22
STK00332,PRD0170,Marrakech-Entrepôt,163,12,33,2026-05-07
STK00333,PRD0170,Rabat-Dépôt,242,30,30,2026-04-27
STK00334,PRD0171,Rabat-Dépôt,210,48,24,2026-04-28
STK00335,PRD0171,Agadir-Sud,32,24,19,2026-05-14
STK00336,PRD0172,Marrakech-Entrepôt,62,18,21,2026-05-02
STK00337,PRD0172,Rabat-Dépôt,146,46,31,2026-04-21
STK00338,PRD0172,Agadir-Sud,207,8,22,2026-05-16
STK00339,PRD0173,Marrakech-Entrepôt,175,14,26,2026-04-21
STK00340,PRD0174,Marrakech-Entrepôt,277,32,20,2026-04-29
STK00341,PRD0174,Agadir-Sud,292,37,13,2026-04-26
STK00342,PRD0175,Agadir-Sud,112,17,25,2026-04-25
STK00343,PRD0175,Tanger-Port,235,43,39,2026-05-07
STK00344,PRD0175,Casablanca-Hub,129,17,33,2026-05-03
STK00345,PRD0176,Tanger-Port,108,45,29,2026-04-28
STK00346,PRD0176,Marrakech-Entrepôt,53,7,34,2026-05-12
STK00347,PRD0176,Agadir-Sud,35,14,38,2026-04-22
STK00348,PRD0177,Tanger-Port,106,9,33,2026-05-04
STK00349,PRD0178,Rabat-Dépôt,53,49,23,2026-05-03
STK00350,PRD0179,Agadir-Sud,231,26,14,2026-04-25
STK00351,PRD0180,Casablanca-Hub,233,13,36,2026-05-13
STK00352,PRD0180,Tanger-Port,51,40,10,2026-05-09
STK00353,PRD0181,Agadir-Sud,264,40,36,2026-05-18
STK00354,PRD0182,Rabat-Dépôt,48,9,23,2026-05-18
STK00355,PRD0183,Rabat-Dépôt,48,0,11,2026-05-18
STK00356,PRD0183,Tanger-Port,227,18,35,2026-05-05
STK00357,PRD0184,Tanger-Port,38,0,21,2026-05-18
STK00358,PRD0184,Agadir-Sud,130,33,19,2026-05-10
STK00359,PRD0184,Fès-Logistique,18,17,35,2026-04-22
STK00360,PRD0185,Tanger-Port,27,3,27,2026-04-22
STK00361,PRD0186,Fès-Logistique,169,33,40,2026-05-18
STK00362,PRD0186,Agadir-Sud,39,20,37,2026-04-21
STK00363,PRD0187,Tanger-Port,127,24,14,2026-05-14
STK00364,PRD0188,Rabat-Dépôt,123,39,16,2026-04-27
STK00365,PRD0189,Marrakech-Entrepôt,293,22,18,2026-04-28
STK00366,PRD0189,Fès-Logistique,290,43,19,2026-04-26
STK00367,PRD0190,Marrakech-Entrepôt,73,0,21,2026-04-22
STK00368,PRD0190,Tanger-Port,153,33,27,2026-05-13
STK00369,PRD0191,Marrakech-Entrepôt,108,9,21,2026-05-05
STK00370,PRD0191,Casablanca-Hub,237,38,12,2026-05-12
STK00371,PRD0191,Fès-Logistique,209,11,31,2026-05-09
STK00372,PRD0192,Tanger-Port,244,10,23,2026-04-20
STK00373,PRD0192,Casablanca-Hub,65,23,15,2026-04-30
STK00374,PRD0192,Fès-Logistique,107,8,11,2026-04-24
STK00375,PRD0193,Tanger-Port,74,28,38,2026-04-29
STK00376,PRD0193,Fès-Logistique,68,21,35,2026-05-01
STK00377,PRD0193,Agadir-Sud,17,31,10,2026-04-23
STK00378,PRD0194,Rabat-Dépôt,19,0,37,2026-05-18
STK00379,PRD0195,Marrakech-Entrepôt,187,33,26,2026-05-03
STK00380,PRD0195,Casablanca-Hub,82,8,14,2026-05-13
STK00381,PRD0195,Fès-Logistique,245,8,31,2026-04-24
STK00382,PRD0196,Tanger-Port,114,4,25,2026-05-09
STK00383,PRD0196,Marrakech-Entrepôt,263,21,26,2026-05-13
STK00384,PRD0197,Tanger-Port,105,17,11,2026-05-18
STK00385,PRD0197,Fès-Logistique,179,14,27,2026-04-19
STK00386,PRD0198,Fès-Logistique,224,29,39,2026-05-16
STK00387,PRD0198,Agadir-Sud,6,43,16,2026-05-13
STK00388,PRD0199,Agadir-Sud,226,36,36,2026-04-29
STK00389,PRD0199,Rabat-Dépôt,207,30,36,2026-05-15
STK00390,PRD0200,Tanger-Port,20,12,23,2026-05-01
STK00391,PRD0201,Casablanca-Hub,295,36,18,2026-05-18
STK00392,PRD0201,Tanger-Port,206,47,21,2026-05-16
STK00393,PRD0202,Casablanca-Hub,95,12,20,2026-05-18
STK00394,PRD0203,Tanger-Port,89,12,30,2026-05-16
STK00395,PRD0203,Rabat-Dépôt,139,39,33,2026-04-23
STK00396,PRD0204,Casablanca-Hub,112,19,11,2026-05-16
STK00397,PRD0204,Tanger-Port,222,9,22,2026-05-15
STK00398,PRD0205,Tanger-Port,188,43,17,2026-05-15
STK00399,PRD0206,Marrakech-Entrepôt,37,17,27,2026-05-09
STK00400,PRD0206,Agadir-Sud,242,50,25,2026-04-28
STK00401,PRD0207,Agadir-Sud,173,36,33,2026-04-28
STK00402,PRD0207,Marrakech-Entrepôt,289,17,13,2026-04-28
STK00403,PRD0208,Tanger-Port,263,48,33,2026-05-17
STK00404,PRD0208,Rabat-Dépôt,2,34,28,2026-05-15
STK00405,PRD0208,Fès-Logistique,269,33,39,2026-05-09
STK00406,PRD0209,Agadir-Sud,85,1,24,2026-04-19
STK00407,PRD0209,Casablanca-Hub,199,18,19,2026-05-13
STK00408,PRD0209,Rabat-Dépôt,269,48,37,2026-04-26
STK00409,PRD0210,Fès-Logistique,181,22,40,2026-05-07
STK00410,PRD0211,Marrakech-Entrepôt,117,38,40,2026-05-12
STK00411,PRD0212,Agadir-Sud,93,48,40,2026-05-08
STK00412,PRD0213,Marrakech-Entrepôt,164,1,38,2026-04-23
STK00413,PRD0213,Rabat-Dépôt,14,48,37,2026-05-03
STK00414,PRD0214,Casablanca-Hub,278,36,32,2026-05-09
STK00415,PRD0215,Rabat-Dépôt,209,3,31,2026-05-10
STK00416,PRD0215,Fès-Logistique,89,30,40,2026-05-07
STK00417,PRD0216,Fès-Logistique,127,8,38,2026-04-22
STK00418,PRD0216,Casablanca-Hub,58,41,20,2026-04-28
STK00419,PRD0216,Rabat-Dépôt,256,49,16,2026-05-17
STK00420,PRD0217,Fès-Logistique,100,45,37,2026-04-23
STK00421,PRD0217,Rabat-Dépôt,64,32,36,2026-04-29
STK00422,PRD0217,Casablanca-Hub,176,33,33,2026-05-14
STK00423,PRD0218,Fès-Logistique,114,40,22,2026-05-15
STK00424,PRD0218,Marrakech-Entrepôt,11,18,26,2026-05-18
STK00425,PRD0219,Tanger-Port,123,25,14,2026-05-15
STK00426,PRD0219,Agadir-Sud,280,43,30,2026-05-03
STK00427,PRD0219,Rabat-Dépôt,58,28,33,2026-04-29
STK00428,PRD0220,Casablanca-Hub,20,44,28,2026-05-02
STK00429,PRD0220,Fès-Logistique,150,45,24,2026-04-28
STK00430,PRD0221,Tanger-Port,261,33,10,2026-05-02
STK00431,PRD0222,Agadir-Sud,36,14,12,2026-04-29
STK00432,PRD0222,Fès-Logistique,299,7,38,2026-04-24
STK00433,PRD0222,Marrakech-Entrepôt,141,10,28,2026-04-23
STK00434,PRD0223,Fès-Logistique,7,28,18,2026-05-03
STK00435,PRD0223,Rabat-Dépôt,200,35,33,2026-05-11
STK00436,PRD0224,Agadir-Sud,275,24,19,2026-05-15
STK00437,PRD0224,Rabat-Dépôt,199,4,11,2026-04-19
STK00438,PRD0225,Fès-Logistique,87,28,24,2026-05-07
STK00439,PRD0225,Tanger-Port,131,39,13,2026-04-28
STK00440,PRD0225,Casablanca-Hub,241,27,20,2026-04-20
STK00441,PRD0226,Tanger-Port,282,32,14,2026-05-16
STK00442,PRD0226,Agadir-Sud,112,38,12,2026-05-11
STK00443,PRD0227,Agadir-Sud,247,2,19,2026-04-27
STK00444,PRD0227,Rabat-Dépôt,51,18,40,2026-04-19
STK00445,PRD0228,Casablanca-Hub,213,8,17,2026-04-23
STK00446,PRD0228,Tanger-Port,121,13,27,2026-04-19
STK00447,PRD0228,Marrakech-Entrepôt,121,7,22,2026-05-07
STK00448,PRD0229,Rabat-Dépôt,24,2,17,2026-05-01
STK00449,PRD0229,Tanger-Port,231,8,39,2026-05-15
STK00450,PRD0230,Marrakech-Entrepôt,299,42,18,2026-04-25
STK00451,PRD0230,Fès-Logistique,60,46,29,2026-04-23
STK00452,PRD0230,Casablanca-Hub,183,5,16,2026-05-01
STK00453,PRD0231,Fès-Logistique,152,20,21,2026-05-03
STK00454,PRD0232,Tanger-Port,17,40,10,2026-05-08
STK00455,PRD0233,Marrakech-Entrepôt,86,40,10,2026-04-24
STK00456,PRD0234,Fès-Logistique,283,12,28,2026-05-10
STK00457,PRD0234,Casablanca-Hub,67,42,14,2026-05-15
STK00458,PRD0235,Rabat-Dépôt,105,3,25,2026-05-17
STK00459,PRD0235,Casablanca-Hub,258,48,17,2026-05-01
STK00460,PRD0236,Fès-Logistique,133,9,33,2026-04-30
STK00461,PRD0236,Casablanca-Hub,141,49,33,2026-04-19
STK00462,PRD0236,Agadir-Sud,206,6,14,2026-04-26
STK00463,PRD0237,Marrakech-Entrepôt,84,12,16,2026-05-09
STK00464,PRD0237,Fès-Logistique,60,43,23,2026-05-15
STK00465,PRD0237,Casablanca-Hub,14,12,11,2026-04-25
STK00466,PRD0238,Agadir-Sud,190,25,17,2026-05-18
STK00467,PRD0238,Tanger-Port,40,5,19,2026-05-07
STK00468,PRD0238,Rabat-Dépôt,11,10,33,2026-05-09
STK00469,PRD0239,Marrakech-Entrepôt,107,3,26,2026-04-24
STK00470,PRD0240,Marrakech-Entrepôt,28,10,24,2026-05-03
STK00471,PRD0241,Casablanca-Hub,250,34,40,2026-04-27
STK00472,PRD0241,Fès-Logistique,51,10,36,2026-04-29
STK00473,PRD0242,Tanger-Port,125,8,17,2026-04-21
STK00474,PRD0242,Agadir-Sud,141,23,18,2026-05-14
STK00475,PRD0242,Rabat-Dépôt,70,42,14,2026-04-26
STK00476,PRD0243,Rabat-Dépôt,255,33,13,2026-05-08
STK00477,PRD0243,Casablanca-Hub,198,11,35,2026-05-16
STK00478,PRD0243,Fès-Logistique,57,46,18,2026-04-19
STK00479,PRD0244,Fès-Logistique,212,23,30,2026-05-01
STK00480,PRD0245,Marrakech-Entrepôt,11,30,23,2026-04-27
STK00481,PRD0245,Fès-Logistique,77,4,32,2026-04-19
STK00482,PRD0246,Casablanca-Hub,111,20,11,2026-05-15
STK00483,PRD0246,Fès-Logistique,71,4,19,2026-04-26
STK00484,PRD0247,Casablanca-Hub,11,24,30,2026-05-02
STK00485,PRD0248,Casablanca-Hub,134,4,11,2026-05-05
STK00486,PRD0249,Fès-Logistique,172,32,15,2026-05-03
STK00487,PRD0249,Marrakech-Entrepôt,3,1,31,2026-05-04
STK00488,PRD0249,Tanger-Port,293,16,34,2026-05-02
STK00489,PRD0250,Agadir-Sud,65,50,18,2026-05-16
STK00490,PRD0251,Marrakech-Entrepôt,192,6,29,2026-05-07
STK00491,PRD0251,Casablanca-Hub,157,26,20,2026-04-27
STK00492,PRD0252,Fès-Logistique,1,39,14,2026-05-03
STK00493,PRD0253,Agadir-Sud,261,42,25,2026-05-17
STK00494,PRD0254,Tanger-Port,114,10,34,2026-05-17
STK00495,PRD0254,Rabat-Dépôt,124,45,22,2026-04-19
STK00496,PRD0254,Agadir-Sud,225,28,36,2026-04-21
STK00497,PRD0255,Tanger-Port,282,36,36,2026-04-27
STK00498,PRD0256,Rabat-Dépôt,75,22,32,2026-04-25
STK00499,PRD0256,Marrakech-Entrepôt,33,31,11,2026-04-19
STK00500,PRD0257,Rabat-Dépôt,162,32,27,2026-05-05
STK00501,PRD0258,Agadir-Sud,80,7,21,2026-05-18
STK00502,PRD0259,Marrakech-Entrepôt,135,35,28,2026-04-19
STK00503,PRD0259,Rabat-Dépôt,127,0,38,2026-05-09
STK00504,PRD0260,Fès-Logistique,6,48,13,2026-04-30
STK00505,PRD0260,Casablanca-Hub,206,5,37,2026-05-01
STK00506,PRD0260,Rabat-Dépôt,284,33,40,2026-05-16
STK00507,PRD0261,Marrakech-Entrepôt,35,6,32,2026-05-13
STK00508,PRD0262,Casablanca-Hub,66,24,13,2026-05-14
STK00509,PRD0263,Tanger-Port,2,27,32,2026-05-09
STK00510,PRD0264,Casablanca-Hub,70,46,28,2026-05-04
STK00511,PRD0265,Fès-Logistique,214,45,29,2026-05-13
STK00512,PRD0265,Marrakech-Entrepôt,240,28,26,2026-04-22
STK00513,PRD0266,Rabat-Dépôt,145,36,35,2026-04-24
STK00514,PRD0267,Casablanca-Hub,223,14,33,2026-05-13
STK00515,PRD0268,Rabat-Dépôt,187,23,24,2026-04-21
STK00516,PRD0268,Marrakech-Entrepôt,159,36,10,2026-04-29
STK00517,PRD0268,Agadir-Sud,277,21,24,2026-05-15
STK00518,PRD0269,Fès-Logistique,251,28,13,2026-05-12
STK00519,PRD0269,Casablanca-Hub,163,21,23,2026-05-15
STK00520,PRD0270,Tanger-Port,192,16,17,2026-04-23
STK00521,PRD0270,Agadir-Sud,78,9,32,2026-04-19
STK00522,PRD0271,Fès-Logistique,197,14,13,2026-05-18
STK00523,PRD0271,Tanger-Port,273,40,13,2026-04-20
STK00524,PRD0272,Tanger-Port,215,0,28,2026-05-06
STK00525,PRD0272,Agadir-Sud,100,45,30,2026-04-22
STK00526,PRD0273,Rabat-Dépôt,128,12,11,2026-05-04
STK00527,PRD0273,Fès-Logistique,76,27,15,2026-04-22
STK00528,PRD0273,Agadir-Sud,9,18,26,2026-04-27
STK00529,PRD0274,Marrakech-Entrepôt,10,7,35,2026-05-01
STK00530,PRD0275,Rabat-Dépôt,230,49,16,2026-05-06
STK00531,PRD0275,Casablanca-Hub,276,7,11,2026-05-12
STK00532,PRD0276,Agadir-Sud,267,39,24,2026-04-20
STK00533,PRD0277,Agadir-Sud,105,44,30,2026-04-25
STK00534,PRD0278,Marrakech-Entrepôt,244,6,20,2026-05-11
STK00535,PRD0279,Rabat-Dépôt,243,14,29,2026-05-06
STK00536,PRD0279,Marrakech-Entrepôt,30,12,13,2026-05-13
STK00537,PRD0279,Fès-Logistique,198,36,24,2026-05-10
STK00538,PRD0280,Tanger-Port,52,34,34,2026-04-29
STK00539,PRD0281,Marrakech-Entrepôt,19,29,17,2026-05-12
STK00540,PRD0281,Tanger-Port,148,14,12,2026-04-30
STK00541,PRD0281,Agadir-Sud,292,1,39,2026-05-15
STK00542,PRD0282,Tanger-Port,108,17,22,2026-04-23
STK00543,PRD0282,Marrakech-Entrepôt,264,45,23,2026-04-21
STK00544,PRD0282,Fès-Logistique,236,21,31,2026-04-19
STK00545,PRD0283,Tanger-Port,47,21,32,2026-05-08
STK00546,PRD0283,Fès-Logistique,146,9,38,2026-04-30
STK00547,PRD0283,Casablanca-Hub,68,42,30,2026-04-26
STK00548,PRD0284,Casablanca-Hub,188,23,25,2026-04-24
STK00549,PRD0284,Tanger-Port,233,41,35,2026-05-11
STK00550,PRD0285,Casablanca-Hub,24,46,20,2026-05-03
STK00551,PRD0286,Rabat-Dépôt,283,36,23,2026-04-27
STK00552,PRD0286,Fès-Logistique,139,14,20,2026-04-29
STK00553,PRD0286,Casablanca-Hub,125,34,15,2026-04-26
STK00554,PRD0287,Casablanca-Hub,276,30,25,2026-04-22
STK00555,PRD0288,Fès-Logistique,83,50,28,2026-04-20
STK00556,PRD0288,Casablanca-Hub,137,41,18,2026-04-24
STK00557,PRD0289,Casablanca-Hub,113,40,10,2026-05-18
STK00558,PRD0289,Agadir-Sud,55,9,32,2026-04-26
STK00559,PRD0289,Marrakech-Entrepôt,252,46,11,2026-04-23
STK00560,PRD0290,Rabat-Dépôt,204,11,11,2026-05-10
STK00561,PRD0290,Fès-Logistique,209,41,35,2026-05-18
STK00562,PRD0291,Fès-Logistique,64,16,40,2026-04-25
STK00563,PRD0292,Fès-Logistique,290,37,40,2026-04-29
STK00564,PRD0292,Casablanca-Hub,219,30,18,2026-05-09
STK00565,PRD0293,Casablanca-Hub,33,27,14,2026-05-05
STK00566,PRD0293,Fès-Logistique,119,37,14,2026-05-01
STK00567,PRD0294,Rabat-Dépôt,177,43,35,2026-05-03
STK00568,PRD0294,Fès-Logistique,186,21,32,2026-05-15
STK00569,PRD0295,Fès-Logistique,208,42,26,2026-05-18
STK00570,PRD0295,Marrakech-Entrepôt,62,7,15,2026-05-09
STK00571,PRD0295,Agadir-Sud,3,2,37,2026-04-20
STK00572,PRD0296,Fès-Logistique,162,22,39,2026-04-28
STK00573,PRD0296,Marrakech-Entrepôt,124,3,33,2026-05-04
STK00574,PRD0297,Marrakech-Entrepôt,142,12,30,2026-04-21
STK00575,PRD0297,Casablanca-Hub,104,33,24,2026-04-29
STK00576,PRD0297,Fès-Logistique,80,42,24,2026-05-16
STK00577,PRD0298,Fès-Logistique,185,38,32,2026-04-28
STK00578,PRD0299,Rabat-Dépôt,180,39,30,2026-05-08
STK00579,PRD0300,Marrakech-Entrepôt,85,12,27,2026-05-15
STK00580,PRD0301,Marrakech-Entrepôt,66,15,32,2026-05-02
STK00581,PRD0301,Tanger-Port,77,34,28,2026-04-21
STK00582,PRD0302,Casablanca-Hub,241,4,11,2026-04-20
STK00583,PRD0303,Rabat-Dépôt,268,4,32,2026-04-27
STK00584,PRD0303,Fès-Logistique,62,34,23,2026-05-13
STK00585,PRD0304,Tanger-Port,299,43,32,2026-05-02
STK00586,PRD0304,Rabat-Dépôt,175,49,18,2026-05-05
STK00587,PRD0304,Agadir-Sud,97,17,30,2026-04-29
STK00588,PRD0305,Fès-Logistique,68,35,19,2026-05-05
STK00589,PRD0305,Casablanca-Hub,28,13,34,2026-04-23
STK00590,PRD0306,Marrakech-Entrepôt,282,33,24,2026-04-29
STK00591,PRD0306,Casablanca-Hub,3,16,37,2026-05-09
STK00592,PRD0306,Agadir-Sud,47,36,16,2026-05-18
STK00593,PRD0307,Tanger-Port,236,14,14,2026-04-29
STK00594,PRD0308,Agadir-Sud,98,20,13,2026-04-24
STK00595,PRD0309,Marrakech-Entrepôt,71,12,36,2026-05-05
STK00596,PRD0309,Casablanca-Hub,126,19,18,2026-05-05
STK00597,PRD0309,Fès-Logistique,13,43,21,2026-05-06
STK00598,PRD0310,Agadir-Sud,283,46,29,2026-05-12
STK00599,PRD0310,Tanger-Port,278,15,17,2026-05-08
STK00600,PRD0310,Rabat-Dépôt,100,13,24,2026-04-30
STK00601,PRD0311,Tanger-Port,117,20,33,2026-05-07
STK00602,PRD0311,Fès-Logistique,268,3,20,2026-05-13
STK00603,PRD0311,Rabat-Dépôt,281,10,29,2026-05-12
STK00604,PRD0312,Tanger-Port,291,47,26,2026-04-22
STK00605,PRD0312,Agadir-Sud,34,18,40,2026-04-28
STK00606,PRD0312,Marrakech-Entrepôt,264,34,10,2026-04-21
STK00607,PRD0313,Tanger-Port,34,22,20,2026-05-02
STK00608,PRD0313,Marrakech-Entrepôt,210,31,18,2026-04-28
STK00609,PRD0314,Marrakech-Entrepôt,93,29,16,2026-04-29
STK00610,PRD0314,Rabat-Dépôt,26,2,23,2026-05-13
STK00611,PRD0315,Fès-Logistique,150,29,11,2026-04-27
STK00612,PRD0316,Tanger-Port,30,18,36,2026-05-02
STK00613,PRD0316,Fès-Logistique,71,33,39,2026-04-30
STK00614,PRD0317,Casablanca-Hub,72,39,19,2026-05-14
STK00615,PRD0317,Marrakech-Entrepôt,138,28,23,2026-05-14
STK00616,PRD0317,Agadir-Sud,109,12,30,2026-05-16
STK00617,PRD0318,Fès-Logistique,261,1,39,2026-05-05
STK00618,PRD0318,Agadir-Sud,130,49,24,2026-04-30
STK00619,PRD0318,Rabat-Dépôt,20,7,17,2026-05-14
STK00620,PRD0319,Rabat-Dépôt,232,27,37,2026-05-02
STK00621,PRD0320,Marrakech-Entrepôt,55,37,38,2026-05-02
STK00622,PRD0321,Agadir-Sud,252,38,28,2026-05-14
STK00623,PRD0322,Casablanca-Hub,233,37,38,2026-04-29
STK00624,PRD0322,Marrakech-Entrepôt,229,13,13,2026-05-15
STK00625,PRD0323,Tanger-Port,26,46,15,2026-04-27
STK00626,PRD0324,Agadir-Sud,116,27,15,2026-05-14
STK00627,PRD0324,Casablanca-Hub,93,20,21,2026-04-24
STK00628,PRD0325,Tanger-Port,36,36,10,2026-05-07
STK00629,PRD0325,Marrakech-Entrepôt,127,9,14,2026-05-13
STK00630,PRD0326,Casablanca-Hub,59,14,36,2026-04-23
STK00631,PRD0327,Tanger-Port,34,35,22,2026-05-07
STK00632,PRD0327,Agadir-Sud,221,1,38,2026-04-20
STK00633,PRD0327,Fès-Logistique,241,0,29,2026-05-09
STK00634,PRD0328,Casablanca-Hub,164,31,15,2026-04-27
STK00635,PRD0328,Tanger-Port,129,5,39,2026-04-25
STK00636,PRD0329,Tanger-Port,259,42,30,2026-05-12
STK00637,PRD0329,Marrakech-Entrepôt,131,22,32,2026-04-24
STK00638,PRD0330,Agadir-Sud,199,36,40,2026-05-16
STK00639,PRD0331,Agadir-Sud,178,12,33,2026-04-19
STK00640,PRD0331,Casablanca-Hub,158,0,21,2026-05-01
STK00641,PRD0331,Tanger-Port,113,18,25,2026-04-21
STK00642,PRD0332,Tanger-Port,108,2,31,2026-05-01
STK00643,PRD0332,Rabat-Dépôt,276,4,34,2026-04-26
STK00644,PRD0333,Fès-Logistique,298,50,37,2026-05-02
STK00645,PRD0334,Marrakech-Entrepôt,181,25,21,2026-04-25
STK00646,PRD0335,Rabat-Dépôt,13,30,40,2026-05-17
STK00647,PRD0336,Rabat-Dépôt,153,42,36,2026-05-02
STK00648,PRD0336,Fès-Logistique,165,15,33,2026-04-24
STK00649,PRD0336,Tanger-Port,115,39,22,2026-05-12
STK00650,PRD0337,Marrakech-Entrepôt,293,37,28,2026-05-05
STK00651,PRD0338,Fès-Logistique,281,1,30,2026-04-26
STK00652,PRD0339,Rabat-Dépôt,162,11,37,2026-05-03
STK00653,PRD0339,Fès-Logistique,71,28,17,2026-05-16
STK00654,PRD0339,Casablanca-Hub,246,44,15,2026-05-14
STK00655,PRD0340,Rabat-Dépôt,270,27,13,2026-05-13
STK00656,PRD0340,Fès-Logistique,239,7,22,2026-04-19
STK00657,PRD0340,Agadir-Sud,287,4,16,2026-05-17
STK00658,PRD0341,Rabat-Dépôt,252,32,13,2026-04-28
STK00659,PRD0341,Marrakech-Entrepôt,14,49,21,2026-04-22
STK00660,PRD0341,Casablanca-Hub,78,19,30,2026-04-26
STK00661,PRD0342,Casablanca-Hub,160,29,40,2026-04-23
STK00662,PRD0342,Rabat-Dépôt,274,13,21,2026-05-04
STK00663,PRD0343,Rabat-Dépôt,59,45,37,2026-04-27
STK00664,PRD0343,Casablanca-Hub,102,41,34,2026-05-05
STK00665,PRD0344,Marrakech-Entrepôt,46,19,40,2026-05-11
STK00666,PRD0344,Fès-Logistique,134,18,10,2026-04-28
STK00667,PRD0344,Tanger-Port,30,21,24,2026-05-03
STK00668,PRD0345,Tanger-Port,112,5,38,2026-05-12
STK00669,PRD0345,Fès-Logistique,174,10,15,2026-04-22
STK00670,PRD0345,Marrakech-Entrepôt,248,45,40,2026-05-06
STK00671,PRD0346,Casablanca-Hub,238,19,23,2026-05-06
STK00672,PRD0346,Agadir-Sud,179,21,39,2026-05-12
STK00673,PRD0346,Tanger-Port,20,25,21,2026-04-23
STK00674,PRD0347,Casablanca-Hub,91,41,40,2026-04-26
STK00675,PRD0348,Casablanca-Hub,216,34,33,2026-05-12
STK00676,PRD0349,Marrakech-Entrepôt,96,10,11,2026-04-29
STK00677,PRD0349,Rabat-Dépôt,155,8,36,2026-05-12
STK00678,PRD0350,Agadir-Sud,147,10,14,2026-04-29
STK00679,PRD0351,Fès-Logistique,133,10,26,2026-05-04
STK00680,PRD0351,Casablanca-Hub,151,32,20,2026-05-10
STK00681,PRD0352,Casablanca-Hub,102,25,25,2026-05-08
STK00682,PRD0353,Marrakech-Entrepôt,172,1,27,2026-04-20
STK00683,PRD0354,Rabat-Dépôt,11,33,20,2026-05-10
STK00684,PRD0354,Agadir-Sud,281,43,36,2026-05-15
STK00685,PRD0354,Casablanca-Hub,226,20,14,2026-04-23
STK00686,PRD0355,Tanger-Port,115,10,22,2026-04-28
STK00687,PRD0356,Marrakech-Entrepôt,156,14,13,2026-04-24
STK00688,PRD0356,Agadir-Sud,10,8,28,2026-05-18
STK00689,PRD0356,Fès-Logistique,59,47,38,2026-05-02
STK00690,PRD0357,Casablanca-Hub,288,31,23,2026-04-23
STK00691,PRD0358,Marrakech-Entrepôt,183,31,13,2026-04-22
STK00692,PRD0358,Tanger-Port,240,33,34,2026-05-07
STK00693,PRD0358,Rabat-Dépôt,216,8,10,2026-05-17
STK00694,PRD0359,Agadir-Sud,234,37,28,2026-05-11
STK00695,PRD0359,Tanger-Port,253,39,16,2026-04-20
STK00696,PRD0359,Rabat-Dépôt,128,35,16,2026-05-06
STK00697,PRD0360,Tanger-Port,129,33,10,2026-05-13
STK00698,PRD0361,Marrakech-Entrepôt,205,32,29,2026-05-04
STK00699,PRD0361,Rabat-Dépôt,4,7,24,2026-04-25
STK00700,PRD0362,Casablanca-Hub,238,30,21,2026-04-22
STK00701,PRD0362,Agadir-Sud,142,28,37,2026-04-19
STK00702,PRD0363,Casablanca-Hub,38,26,38,2026-05-15
STK00703,PRD0363,Rabat-Dépôt,263,7,21,2026-05-05
STK00704,PRD0364,Rabat-Dépôt,219,19,33,2026-04-30
STK00705,PRD0364,Fès-Logistique,7,42,29,2026-05-03
STK00706,PRD0365,Fès-Logistique,59,11,10,2026-05-11
STK00707,PRD0365,Tanger-Port,9,13,28,2026-05-14
STK00708,PRD0365,Casablanca-Hub,10,33,30,2026-04-20
STK00709,PRD0366,Agadir-Sud,235,46,11,2026-04-24
STK00710,PRD0367,Marrakech-Entrepôt,173,39,20,2026-05-13
STK00711,PRD0367,Fès-Logistique,151,18,38,2026-04-27
STK00712,PRD0367,Tanger-Port,19,35,27,2026-04-26
STK00713,PRD0368,Tanger-Port,100,31,15,2026-04-29
STK00714,PRD0368,Marrakech-Entrepôt,34,36,16,2026-04-29
STK00715,PRD0368,Casablanca-Hub,13,19,37,2026-04-29
STK00716,PRD0369,Tanger-Port,8,33,30,2026-05-07
STK00717,PRD0370,Tanger-Port,300,49,23,2026-04-23
STK00718,PRD0370,Rabat-Dépôt,8,45,32,2026-04-20
STK00719,PRD0371,Fès-Logistique,28,50,27,2026-05-07
STK00720,PRD0371,Rabat-Dépôt,255,14,37,2026-05-15
STK00721,PRD0372,Marrakech-Entrepôt,85,6,21,2026-05-03
STK00722,PRD0372,Rabat-Dépôt,200,14,35,2026-04-24
STK00723,PRD0372,Tanger-Port,151,12,29,2026-05-15
STK00724,PRD0373,Fès-Logistique,179,8,36,2026-05-17
STK00725,PRD0373,Agadir-Sud,124,32,13,2026-04-23
STK00726,PRD0373,Rabat-Dépôt,175,49,19,2026-04-28
STK00727,PRD0374,Marrakech-Entrepôt,87,50,30,2026-05-17
STK00728,PRD0374,Rabat-Dépôt,182,20,35,2026-04-24
STK00729,PRD0375,Marrakech-Entrepôt,121,50,36,2026-04-19
STK00730,PRD0375,Agadir-Sud,270,14,21,2026-04-24
STK00731,PRD0376,Fès-Logistique,176,44,39,2026-05-16
STK00732,PRD0377,Casablanca-Hub,294,1,38,2026-04-21
STK00733,PRD0377,Rabat-Dépôt,241,40,36,2026-04-20
STK00734,PRD0378,Marrakech-Entrepôt,65,36,25,2026-05-06
STK00735,PRD0378,Rabat-Dépôt,291,8,32,2026-04-26
STK00736,PRD0379,Rabat-Dépôt,70,11,13,2026-05-14
STK00737,PRD0380,Rabat-Dépôt,231,42,10,2026-05-08
STK00738,PRD0381,Rabat-Dépôt,268,32,27,2026-05-06
STK00739,PRD0381,Agadir-Sud,242,50,11,2026-05-16
STK00740,PRD0381,Tanger-Port,92,43,33,2026-05-10
STK00741,PRD0382,Casablanca-Hub,180,8,11,2026-05-03
STK00742,PRD0382,Agadir-Sud,216,48,13,2026-05-06
STK00743,PRD0383,Tanger-Port,147,6,38,2026-05-07
STK00744,PRD0384,Fès-Logistique,298,42,32,2026-05-11
STK00745,PRD0385,Fès-Logistique,172,12,38,2026-05-14
STK00746,PRD0385,Agadir-Sud,71,15,27,2026-05-10
STK00747,PRD0386,Rabat-Dépôt,240,13,39,2026-05-12
STK00748,PRD0386,Fès-Logistique,206,46,19,2026-04-23
STK00749,PRD0387,Casablanca-Hub,226,34,20,2026-05-01
STK00750,PRD0388,Agadir-Sud,86,32,33,2026-05-14
STK00751,PRD0388,Fès-Logistique,9,46,18,2026-04-22
STK00752,PRD0388,Rabat-Dépôt,114,25,29,2026-05-10
STK00753,PRD0389,Fès-Logistique,150,11,33,2026-05-02
STK00754,PRD0390,Tanger-Port,27,48,40,2026-05-18
STK00755,PRD0391,Tanger-Port,297,5,26,2026-05-17
STK00756,PRD0391,Fès-Logistique,27,36,38,2026-05-09
STK00757,PRD0391,Casablanca-Hub,275,6,39,2026-05-13
STK00758,PRD0392,Marrakech-Entrepôt,168,44,14,2026-05-13
STK00759,PRD0392,Agadir-Sud,230,49,20,2026-05-04
STK00760,PRD0393,Rabat-Dépôt,12,16,39,2026-05-17
STK00761,PRD0393,Fès-Logistique,56,2,15,2026-04-27
STK00762,PRD0393,Casablanca-Hub,102,14,37,2026-05-13
STK00763,PRD0394,Rabat-Dépôt,193,18,40,2026-05-14
STK00764,PRD0394,Tanger-Port,40,4,22,2026-05-16
STK00765,PRD0395,Rabat-Dépôt,25,15,40,2026-05-17
STK00766,PRD0395,Fès-Logistique,282,38,17,2026-04-26
STK00767,PRD0395,Tanger-Port,36,42,17,2026-05-01
STK00768,PRD0396,Agadir-Sud,297,1,35,2026-05-18
STK00769,PRD0396,Fès-Logistique,124,27,32,2026-04-30
STK00770,PRD0396,Marrakech-Entrepôt,167,28,12,2026-05-10
STK00771,PRD0397,Tanger-Port,250,9,28,2026-04-27
STK00772,PRD0397,Agadir-Sud,113,4,29,2026-05-10
STK00773,PRD0398,Casablanca-Hub,19,5,27,2026-05-11
STK00774,PRD0399,Marrakech-Entrepôt,5,23,34,2026-04-26
STK00775,PRD0399,Agadir-Sud,248,48,18,2026-05-01
STK00776,PRD0400,Tanger-Port,11,14,38,2026-04-24
STK00777,PRD0400,Fès-Logistique,284,5,32,2026-05-07
